[Header],,,,,,,,
IEMFileVersion,4,,,,,,,
Investigator_Name,BN,,,,,,,
Experiment_Name,20160321.NormPlasma_AdeptPlasma,,,,,,,
Date,3/21/2016,,,,,,,
Workflow,GenerateFASTQ,,,,,,,
Application,HiSeq_FASTQ_Only,,,,,,,
Assay,TruSeq_HT,,,,,,,
Description,ReferenceGenome,,,,,,,
Chemistry,Default,,,,,,,
,,,,,,,,
[Reads],,,,,,,,
151,,,,,,,,
151,,,,,,,,
,,,,,,,,
[Settings],,,,,,,,
Adapter,AGATCGGAAGAGCACACGTCTGAACTCCAGTCA,,,,,,,
AdapterRead2,AGATCGGAAGAGCGTCGTGTAGGGAAAGAGTGT,,,,,,,
,,,,,,,,
[Data],,,,,,,,
Lane,Sample_ID,Sample_Name,Sample_Plate,Sample_Well,I7_Index_ID,index,Sample_Project,Description
1,Plasma_Resistant_1,Plasma_Resistant_1,,,index_1,ATCACG,AdeptPlasma,AdeptPlasmaWGS
1,Plasma_Resistant_2,Plasma_Resistant_2,,,index_2,CGATGT,AdeptPlasma,AdeptPlasmaWGS
1,Plasma_Resistant_3,Plasma_Resistant_3,,,index_3,TTAGGC,AdeptPlasma,AdeptPlasmaWGS
1,Plasma_Resistant_4,Plasma_Resistant_4,,,index_4,TGACCA,AdeptPlasma,AdeptPlasmaWGS
1,Plasma_Resistant_5,Plasma_Resistant_5,,,index_5,ACAGTG,AdeptPlasma,AdeptPlasmaWGS
1,Plasma_Resistant_6,Plasma_Resistant_6,,,index_6,GCCAAT,AdeptPlasma,AdeptPlasmaWGS
1,Plasma_Resistant_7,Plasma_Resistant_7,,,index_7,CAGATC,AdeptPlasma,AdeptPlasmaWGS
1,Plasma_Sensitive_1,Plasma_Sensitive_1,,,index_11,GGCTAC,AdeptPlasma,AdeptPlasmaWGS
1,Plasma_Sensitive_2,Plasma_Sensitive_2,,,index_12,CTTGTA,AdeptPlasma,AdeptPlasmaWGS
1,Plasma_Sensitive_3,Plasma_Sensitive_3,,,index_13,AGTCAA,AdeptPlasma,AdeptPlasmaWGS
1,Plasma_Sensitive_4,Plasma_Sensitive_4,,,index_14,AGTTCC,AdeptPlasma,AdeptPlasmaWGS
1,Plasma_Sensitive_5,Plasma_Sensitive_5,,,index_15,ATGTCA,AdeptPlasma,AdeptPlasmaWGS
1,Plasma_Sensitive_6,Plasma_Sensitive_6,,,index_16,CCGTCC,AdeptPlasma,AdeptPlasmaWGS
1,Plasma_Sensitive_7,Plasma_Sensitive_7,,,index_18,GTCCGC,AdeptPlasma,AdeptPlasmaWGS
2,Plasma_Resistant_1,Plasma_Resistant_1,,,index_1,ATCACG,AdeptPlasma,AdeptPlasmaWGS
2,Plasma_Resistant_2,Plasma_Resistant_2,,,index_2,CGATGT,AdeptPlasma,AdeptPlasmaWGS
2,Plasma_Resistant_3,Plasma_Resistant_3,,,index_3,TTAGGC,AdeptPlasma,AdeptPlasmaWGS
2,Plasma_Resistant_4,Plasma_Resistant_4,,,index_4,TGACCA,AdeptPlasma,AdeptPlasmaWGS
2,Plasma_Resistant_5,Plasma_Resistant_5,,,index_5,ACAGTG,AdeptPlasma,AdeptPlasmaWGS
2,Plasma_Resistant_6,Plasma_Resistant_6,,,index_6,GCCAAT,AdeptPlasma,AdeptPlasmaWGS
2,Plasma_Resistant_7,Plasma_Resistant_7,,,index_7,CAGATC,AdeptPlasma,AdeptPlasmaWGS
2,Plasma_Sensitive_1,Plasma_Sensitive_1,,,index_11,GGCTAC,AdeptPlasma,AdeptPlasmaWGS
2,Plasma_Sensitive_2,Plasma_Sensitive_2,,,index_12,CTTGTA,AdeptPlasma,AdeptPlasmaWGS
2,Plasma_Sensitive_3,Plasma_Sensitive_3,,,index_13,AGTCAA,AdeptPlasma,AdeptPlasmaWGS
2,Plasma_Sensitive_4,Plasma_Sensitive_4,,,index_14,AGTTCC,AdeptPlasma,AdeptPlasmaWGS
2,Plasma_Sensitive_5,Plasma_Sensitive_5,,,index_15,ATGTCA,AdeptPlasma,AdeptPlasmaWGS
2,Plasma_Sensitive_6,Plasma_Sensitive_6,,,index_16,CCGTCC,AdeptPlasma,AdeptPlasmaWGS
2,Plasma_Sensitive_7,Plasma_Sensitive_7,,,index_18,GTCCGC,AdeptPlasma,AdeptPlasmaWGS
3,Plasma_Resistant_1,Plasma_Resistant_1,,,index_1,ATCACG,AdeptPlasma,AdeptPlasmaWGS
3,Plasma_Resistant_2,Plasma_Resistant_2,,,index_2,CGATGT,AdeptPlasma,AdeptPlasmaWGS
3,Plasma_Resistant_3,Plasma_Resistant_3,,,index_3,TTAGGC,AdeptPlasma,AdeptPlasmaWGS
3,Plasma_Resistant_4,Plasma_Resistant_4,,,index_4,TGACCA,AdeptPlasma,AdeptPlasmaWGS
3,Plasma_Resistant_5,Plasma_Resistant_5,,,index_5,ACAGTG,AdeptPlasma,AdeptPlasmaWGS
3,Plasma_Resistant_6,Plasma_Resistant_6,,,index_6,GCCAAT,AdeptPlasma,AdeptPlasmaWGS
3,Plasma_Resistant_7,Plasma_Resistant_7,,,index_7,CAGATC,AdeptPlasma,AdeptPlasmaWGS
3,Plasma_Sensitive_1,Plasma_Sensitive_1,,,index_11,GGCTAC,AdeptPlasma,AdeptPlasmaWGS
3,Plasma_Sensitive_2,Plasma_Sensitive_2,,,index_12,CTTGTA,AdeptPlasma,AdeptPlasmaWGS
3,Plasma_Sensitive_3,Plasma_Sensitive_3,,,index_13,AGTCAA,AdeptPlasma,AdeptPlasmaWGS
3,Plasma_Sensitive_4,Plasma_Sensitive_4,,,index_14,AGTTCC,AdeptPlasma,AdeptPlasmaWGS
3,Plasma_Sensitive_5,Plasma_Sensitive_5,,,index_15,ATGTCA,AdeptPlasma,AdeptPlasmaWGS
3,Plasma_Sensitive_6,Plasma_Sensitive_6,,,index_16,CCGTCC,AdeptPlasma,AdeptPlasmaWGS
3,Plasma_Sensitive_7,Plasma_Sensitive_7,,,index_18,GTCCGC,AdeptPlasma,AdeptPlasmaWGS
4,Plasma_Resistant_1,Plasma_Resistant_1,,,index_1,ATCACG,AdeptPlasma,AdeptPlasmaWGS
4,Plasma_Resistant_2,Plasma_Resistant_2,,,index_2,CGATGT,AdeptPlasma,AdeptPlasmaWGS
4,Plasma_Resistant_3,Plasma_Resistant_3,,,index_3,TTAGGC,AdeptPlasma,AdeptPlasmaWGS
4,Plasma_Resistant_4,Plasma_Resistant_4,,,index_4,TGACCA,AdeptPlasma,AdeptPlasmaWGS
4,Plasma_Resistant_5,Plasma_Resistant_5,,,index_5,ACAGTG,AdeptPlasma,AdeptPlasmaWGS
4,Plasma_Resistant_6,Plasma_Resistant_6,,,index_6,GCCAAT,AdeptPlasma,AdeptPlasmaWGS
4,Plasma_Resistant_7,Plasma_Resistant_7,,,index_7,CAGATC,AdeptPlasma,AdeptPlasmaWGS
4,Plasma_Sensitive_1,Plasma_Sensitive_1,,,index_11,GGCTAC,AdeptPlasma,AdeptPlasmaWGS
4,Plasma_Sensitive_2,Plasma_Sensitive_2,,,index_12,CTTGTA,AdeptPlasma,AdeptPlasmaWGS
4,Plasma_Sensitive_3,Plasma_Sensitive_3,,,index_13,AGTCAA,AdeptPlasma,AdeptPlasmaWGS
4,Plasma_Sensitive_4,Plasma_Sensitive_4,,,index_14,AGTTCC,AdeptPlasma,AdeptPlasmaWGS
4,Plasma_Sensitive_5,Plasma_Sensitive_5,,,index_15,ATGTCA,AdeptPlasma,AdeptPlasmaWGS
4,Plasma_Sensitive_6,Plasma_Sensitive_6,,,index_16,CCGTCC,AdeptPlasma,AdeptPlasmaWGS
4,Plasma_Sensitive_7,Plasma_Sensitive_7,,,index_18,GTCCGC,AdeptPlasma,AdeptPlasmaWGS
5,Plasma_Resistant_1,Plasma_Resistant_1,,,index_1,ATCACG,AdeptPlasma,AdeptPlasmaWGS
5,Plasma_Resistant_2,Plasma_Resistant_2,,,index_2,CGATGT,AdeptPlasma,AdeptPlasmaWGS
5,Plasma_Resistant_3,Plasma_Resistant_3,,,index_3,TTAGGC,AdeptPlasma,AdeptPlasmaWGS
5,Plasma_Resistant_4,Plasma_Resistant_4,,,index_4,TGACCA,AdeptPlasma,AdeptPlasmaWGS
5,Plasma_Resistant_5,Plasma_Resistant_5,,,index_5,ACAGTG,AdeptPlasma,AdeptPlasmaWGS
5,Plasma_Resistant_6,Plasma_Resistant_6,,,index_6,GCCAAT,AdeptPlasma,AdeptPlasmaWGS
5,Plasma_Resistant_7,Plasma_Resistant_7,,,index_7,CAGATC,AdeptPlasma,AdeptPlasmaWGS
5,Plasma_Sensitive_1,Plasma_Sensitive_1,,,index_11,GGCTAC,AdeptPlasma,AdeptPlasmaWGS
5,Plasma_Sensitive_2,Plasma_Sensitive_2,,,index_12,CTTGTA,AdeptPlasma,AdeptPlasmaWGS
5,Plasma_Sensitive_3,Plasma_Sensitive_3,,,index_13,AGTCAA,AdeptPlasma,AdeptPlasmaWGS
5,Plasma_Sensitive_4,Plasma_Sensitive_4,,,index_14,AGTTCC,AdeptPlasma,AdeptPlasmaWGS
5,Plasma_Sensitive_5,Plasma_Sensitive_5,,,index_15,ATGTCA,AdeptPlasma,AdeptPlasmaWGS
5,Plasma_Sensitive_6,Plasma_Sensitive_6,,,index_16,CCGTCC,AdeptPlasma,AdeptPlasmaWGS
5,Plasma_Sensitive_7,Plasma_Sensitive_7,,,index_18,GTCCGC,AdeptPlasma,AdeptPlasmaWGS
6,Plasma_Resistant_1,Plasma_Resistant_1,,,index_1,ATCACG,AdeptPlasma,AdeptPlasmaWGS
6,Plasma_Resistant_2,Plasma_Resistant_2,,,index_2,CGATGT,AdeptPlasma,AdeptPlasmaWGS
6,Plasma_Resistant_3,Plasma_Resistant_3,,,index_3,TTAGGC,AdeptPlasma,AdeptPlasmaWGS
6,Plasma_Resistant_4,Plasma_Resistant_4,,,index_4,TGACCA,AdeptPlasma,AdeptPlasmaWGS
6,Plasma_Resistant_5,Plasma_Resistant_5,,,index_5,ACAGTG,AdeptPlasma,AdeptPlasmaWGS
6,Plasma_Resistant_6,Plasma_Resistant_6,,,index_6,GCCAAT,AdeptPlasma,AdeptPlasmaWGS
6,Plasma_Resistant_7,Plasma_Resistant_7,,,index_7,CAGATC,AdeptPlasma,AdeptPlasmaWGS
6,Plasma_Sensitive_1,Plasma_Sensitive_1,,,index_11,GGCTAC,AdeptPlasma,AdeptPlasmaWGS
6,Plasma_Sensitive_2,Plasma_Sensitive_2,,,index_12,CTTGTA,AdeptPlasma,AdeptPlasmaWGS
6,Plasma_Sensitive_3,Plasma_Sensitive_3,,,index_13,AGTCAA,AdeptPlasma,AdeptPlasmaWGS
6,Plasma_Sensitive_4,Plasma_Sensitive_4,,,index_14,AGTTCC,AdeptPlasma,AdeptPlasmaWGS
6,Plasma_Sensitive_5,Plasma_Sensitive_5,,,index_15,ATGTCA,AdeptPlasma,AdeptPlasmaWGS
6,Plasma_Sensitive_6,Plasma_Sensitive_6,,,index_16,CCGTCC,AdeptPlasma,AdeptPlasmaWGS
6,Plasma_Sensitive_7,Plasma_Sensitive_7,,,index_18,GTCCGC,AdeptPlasma,AdeptPlasmaWGS
7,NormalPlasma01,NormalPlasma01,,,index 18,GTCCGC,NormPlasm,NormPlasmaWGS
7,NormalPlasma02,NormalPlasma02,,,index 19,GTGAAA,NormPlasm,NormPlasmaWGS
7,NormalPlasma03,NormalPlasma03,,,index 20,GTGGCC,NormPlasm,NormPlasmaWGS
7,NormalPlasma04,NormalPlasma04,,,index 21,GTTTCG,NormPlasm,NormPlasmaWGS
7,NormalPlasma05,NormalPlasma05,,,index 22,CGTACG,NormPlasm,NormPlasmaWGS
8,NormalPlasma01,NormalPlasma01,,,index 18,GTCCGC,NormPlasm,NormPlasmaWGS
8,NormalPlasma02,NormalPlasma02,,,index 19,GTGAAA,NormPlasm,NormPlasmaWGS
8,NormalPlasma03,NormalPlasma03,,,index 20,GTGGCC,NormPlasm,NormPlasmaWGS
8,NormalPlasma04,NormalPlasma04,,,index 21,GTTTCG,NormPlasm,NormPlasmaWGS
8,NormalPlasma05,NormalPlasma05,,,index 22,CGTACG,NormPlasm,NormPlasmaWGS
